{
  "assetsByChunkName": {
    "vendors~app-account~app-confirmation~app-order": "chunk.dc81e89fe07b016c9f06.js",
    "vendors~app-account~app-checkout": "chunk.a79c46247a92cf3be843.js",
    "vendors~app-cart~app-checkout": "chunk.9327aca120f27b167443.js",
    "admin": [
      "admin.2d89982b7c40caa3f211.js",
      "admin.2d89982b7c40caa3f211.js.map"
    ],
    "app-account": "chunk.ecfdf8cd3be635906857.js",
    "app-checkout": "chunk.53b1ea523f3c90e8551c.js",
    "app-confirmation": "chunk.a27ae09eadee3b20547f.js",
    "checkout": [
      "checkout.f0267c220dbe412f7651.js",
      "checkout.f0267c220dbe412f7651.js.map"
    ],
    "storefront": [
      "storefront.7d4671a469200e2e3479.css",
      "storefront.a1bc76706e58c7cbe277.js",
      "storefront.7d4671a469200e2e3479.css.map",
      "storefront.a1bc76706e58c7cbe277.js.map"
    ],
    "vendors~app-cart": "chunk.e983bcc804fbed2437ae.js",
    "vendors~app-order": "chunk.c8c7ae9b26ef02731685.js"
  }
}