{
  "description": {
    "title": "LOJA RAVENOUS",
    "text": "OCCULT, MYSTIC AND HORROR... <br />BE A RAVENGIRL !"
  },
  "links_1": {
    "list_pages": false,
    "title": "PÁGINAS ",
    "list": [
      {
        "text": "ENVIOS E PRAZOS",
        "url": "https://ravenous.com.br/pages/entrega"
      },
      {
        "text": "TROCAS E DEVOLUÇÕES",
        "url": "https://ravenous.com.br/pages/trocas"
      }
    ]
  },
  "links_2": {
    "list_categories": false,
    "title": "Teste",
    "list": [
      {
        "text": "Teste Link",
        "url": "#"
      }
    ]
  },
  "contacts": {
    "title": "CONTATO ",
    "phone_wpp": true,
    "socials": true,
    "email": true,
    "address": true
  },
  "stamps": [
    {
      "src": "/img/uploads/logo-paypal-1024.png"
    },
    {
      "src": "/img/uploads/logo-pix-1024.png"
    },
    {
      "src": "/img/uploads/logo-picpay-1024.png"
    }
  ],
  "payment_methods": {
    "bb": false,
    "visa": true,
    "boleto": false,
    "aura": false,
    "banrisul": false,
    "elo": true,
    "hipercard": true,
    "hsbc": false,
    "bradesco": false,
    "santander": false,
    "mastercard": true,
    "paypal": false,
    "citibank": false,
    "hiper": false,
    "mais": false,
    "amex": false,
    "itau": false
  },
  "credits": "RAVENOUS - CNPJ: 23.825.349/0001-68 © 2024 TODOS OS DIREITOS RESERVADOS"
}