{
  "marketing_stripe": {
    "text": "",
    "link": "",
    "color": "#ffffff"
  },
  "contacts_stripe": {
    "pages": [],
    "phone_wpp": true,
    "socials": true
  },
  "categories_list": {
    "featured": [
      "/colares?COLARES",
      "/brincos?BRINCOS",
      "/chokers?CHOKERS",
      "/aneis?ANÉIS ",
      "/alargabrincos?ALARGABRINCOS",
      "/decoracao?DECORAÇÃO",
      "/combos-e-ofertas?COMBOS E OFERTAS",
      "/mais-categorias?+ CATEGORIAS"
    ],
    "random": 0,
    "full_width": true
  },
  "search_input": true,
  "alphabetical_order_submenu": true,
  "full_width_submenu": true,
  "desktop_megamenu": true,
  "centralized_logo": true
}