{
  "meta_title": "LOJA RAVENOUS",
  "meta_description": "Ravenous - Acessórios Alternativos l Confecção Própria e Artesanal ",
  "sections": [
    {
      "type": "responsive-banner",
      "img": "/img/uploads/banner-icons-2-.png",
      "link": ""
    },
    {
      "type": "collection-shelf",
      "shuffle": true,
      "collection_id": "5f3eb479f023684cdbdba0b6:collections:DESTAQUES 1:/destaques-1",
      "headless": true,
      "title": ""
    },
    {
      "type": "collection-shelf",
      "shuffle": true,
      "collection_id": "5f3686eff023684cdbda5d4a:collections:DESTAQUES 2:/destaques",
      "headless": true
    },
    {
      "type": "responsive-banner",
      "img": "/img/uploads/banner-icons-1-.png"
    },
    {
      "type": "banners-grid",
      "banners": [
        {
          "img": "/img/uploads/colares-5-.png",
          "mobile_img": "/img/uploads/ba1.png",
          "link": "https://ravenous.com.br/vampire-addiction"
        },
        {
          "img": "/img/uploads/colares-3-.png",
          "link": "https://ravenous.com.br/nature",
          "alt": "",
          "mobile_img": "/img/uploads/ba2.png"
        },
        {
          "img": "/img/uploads/colares-4-.png",
          "link": "https://ravenous.com.br/skull-lover",
          "mobile_img": "/img/uploads/ba3.png"
        }
      ]
    },
    {
      "type": "collection-shelf",
      "shuffle": true,
      "sort": null,
      "title": "ÚLTIMOS LANÇAMENTOS",
      "collection_id": "5f3f3078f023684cdbdbca75",
      "link": "https://ravenous.com.br/novidades",
      "autoplay": 3000,
      "page": ""
    },
    {
      "type": "collection-shelf",
      "shuffle": true,
      "collection_id": "5f4d82537430f92180ea9c8c",
      "link": "https://ravenous.com.br/reposicoes",
      "title": "REPOSIÇÕES"
    },
    {
      "type": "banners-grid",
      "banners": [
        {
          "img": "/img/uploads/banner-categoriasfire.png",
          "link": "https://ravenous.com.br/edicao-limitada",
          "mobile_img": "/img/uploads/b4.png"
        },
        {
          "img": "/img/uploads/banner-colecoes-300-400-px-2-.png",
          "link": "https://ravenous.com.br/personalizados",
          "mobile_img": "/img/uploads/b5.png"
        },
        {
          "img": "/img/uploads/pronta-en.png",
          "link": "https://ravenous.com.br/pronta-entrega",
          "mobile_img": "/img/uploads/banner-pen.png"
        }
      ]
    },
    {
      "type": "responsive-banner",
      "img": "/img/uploads/banners-1-.png",
      "link": "https://www.instagram.com/ravenousloja"
    },
    {
      "type": "custom-html",
      "html": "<!-- SnapWidget -->\n<script src=\"https://snapwidget.com/js/snapwidget.js\"></script>\n<iframe src=\"https://snapwidget.com/embed/962865\" class=\"snapwidget-widget\" allowtransparency=\"true\" frameborder=\"0\" scrolling=\"no\" style=\"border:none; overflow:hidden;  width:100%; \"></iframe>"
    }
  ]
}